Drug,SW157765,SW157692,SW005017,SW134727,SW072554,SW197409,SW006981,SW096640,SW148608,SW198886,SW134963,SW023297,SW208072,SW074797,SW113135,SW015134,SW018825,SW080100,SW043997,SW088073,SW041995,SW074798,SW034455,SW096258,SW031368,SW053405,SW023118,SW096289,SW049772,SW074763,SW172170,SW031378,SW074796,SW202555,SW096274,SW147215,SW081904,SW082653,SW208097,SW082337,SW094234,SW117364,SW008135,SW028282,SW196788,SW140154,SW011146,SW013744,SW035516,SW018303
A427,619.3293,476.4293,127.5611,456.4996,283.4566,229.5367,499.5378,441.9383,263.0876,510.5304,487.0264,331.4323,385.1717,356.0858,382.2722,401.6174,522.8607,346.4797,319.2988,270.6304,337.5381,404.5892,316.4044,nan,387.3838,217.6957,375.4829,399.2481,389.2371,363.3596,458.0145,356.195,407.5327,396.7521,400.6344,413.2401,413.4573,338.2672,398.583,388.9122,431.9036,429.5226,254.2506,460.7895,527.9278,275.944,406.144,422.2413,406.8537,448.9437
A549,351.9495,316.3214,168.9888,428.1577,360.599,262.4772,446.5635,414.0671,224.0487,466.0641,461.3986,400.8646,291.2154,374.1038,423.9117,442.0926,551.3217,358.0079,360.7189,285.7834,379.341,426.4216,428.6399,430.6966,390.2242,214.842,390.1632,408.5646,451.6716,365.2983,428.7015,382.0762,426.5003,423.7875,417.4291,457.8938,453.3834,435.2515,406.9329,399.5229,434.2191,294.0923,306.3685,467.179,547.9485,293.2089,428.9521,435.6638,480.1132,448.3998
Cal12T,574.0527,505.5176,168.4351,462.0611,368.9036,276.0975,468.0364,482.3753,195.8552,404.3071,442.3167,341.3174,384.1109,411.6381,441.008,461.0023,585.4608,409.0537,352.3936,287.7042,388.7543,447.5567,410.7453,454.0299,433.4903,224.7192,446.6636,458.5155,467.5907,399.1355,441.8386,437.0284,454.9896,474.2409,464.1804,455.9351,475.9104,444.2769,345.5369,469.4946,446.1529,399.6925,359.7907,470.5111,498.9755,287.6422,434.5488,428.7966,491.6965,486.6267
Calu1,644.4242,431.3725,132.869,476.8116,400.0119,237.6356,504.9345,487.6003,115.4917,521.6384,466.5161,299.9279,345.5987,432.771,456.9587,457.6963,608.2318,415.1387,362.3067,185.5987,396.3191,477.394,456.6717,497.3815,455.0634,175.8836,446.8467,482.646,469.4929,423.6994,422.267,472.0883,476.2102,447.3077,458.0589,467.7933,491.5676,468.6931,427.4426,460.6721,499.8266,440.365,318.5224,512.9994,592.3531,180.0345,457.8489,445.65,505.9976,448.3907
Calu3,559.6126,513.88,169.7483,467.8794,325.742,281.4108,474.4093,462.0684,212.6488,412.3996,470.8211,340.2892,356.9396,406.3801,440.3628,436.1765,514.4392,302.2722,356.7663,319.5652,377.6679,470.3006,460.1642,380.3283,409.2736,194.1622,429.9771,403.3217,426.2013,381.6694,437.0013,408.939,465.5815,451.5288,449.9033,456.2658,379.8325,378.4778,328.0457,397.1877,445.0163,364.3588,371.3319,479.3695,509.3176,301.9943,414.71,420.093,490.1591,509.2734
Calu6,626.6199,506.5227,117.4921,450.566,324.4954,198.0795,479.5063,382.6687,153.0474,584.5565,465.5318,262.0755,218.3612,295.8673,338.4121,360.8942,554.6241,315.9632,302.3533,222.7268,307.3745,321.8701,346.6558,354.034,306.0116,165.042,347.6901,349.1389,381.9086,322.691,437.8956,318.503,343.8348,439.2452,351.7599,358.5038,386.8521,408.529,328.1368,289.8053,365.5066,447.6816,356.2065,384.5403,521.9907,232.0108,312.1636,339.9434,413.9498,380.6821
DFCI024,565.6825,479.6993,215.7243,362.739,390.3684,279.8776,455.4416,450.5848,324.1343,413.6564,428.2437,356.0702,371.2475,427.9309,502.7558,483.3352,533.3886,411.3732,358.9438,306.2035,385.4196,457.3358,418.4679,456.1831,454.427,217.6068,472.4866,457.8243,468.4605,417.5055,415.289,444.7392,519.3986,457.6676,492.3162,459.3177,477.5536,455.0276,405.5996,479.3018,500.5886,447.3977,302.8317,472.6748,425.9616,233.5654,458.5918,456.6483,483.407,442.4377
DFCI032,618.4191,513.8607,145.2435,458.8393,329.3056,247.2459,491.324,470.2724,169.9474,562.0055,455.8768,266.4056,316.7269,441.1575,474.3225,449.9233,590.4834,425.3263,357.6038,249.4162,416.1881,452.7936,456.6168,496.5122,423.0916,147.9624,457.4013,491.4685,473.0372,421.3293,428.7146,448.5522,485.0692,365.8599,476.466,464.612,471.6815,450.2378,457.1917,410.1933,493.0408,426.2362,374.5422,498.4276,481.9101,281.6702,430.2798,466.1385,494.3939,452.5197
EKVX,615.7497,538.7371,159.4129,390.3452,362.4856,283.3003,454.7919,470.7228,217.7222,464.5879,430.3682,285.6317,464.4804,437.2699,485.3172,461.5977,528.8243,388.1975,391.0589,270.1539,388.043,457.515,450.9319,464.4923,428.4375,158.5943,440.8217,463.1883,478.2835,389.0571,380.1602,438.4704,468.0549,625.3659,464.9247,453.2466,468.0501,466.581,487.9426,454.843,458.9294,456.098,365.1195,475.0142,501.3787,244.4777,450.1538,418.3575,504.4922,493.921
H1155,546.1674,446.0945,121.5019,495.1333,254.2325,193.3607,487.5279,320.7905,250.5115,536.9109,491.7896,286.0706,214.2097,274.0658,319.249,342.9814,582.5115,271.0317,299.3033,151.1849,284.1332,314.3871,262.3077,328.479,299.0105,150.7278,304.8245,340.0174,358.6884,290.0806,423.205,299.0496,323.9732,417.7824,293.0624,320.5312,357.1561,430.5594,319.3448,292.8187,351.7274,442.6499,253.5241,382.1357,436.4842,166.98,284.568,363.4652,386.7839,373.8138
H125,626.9377,491.6274,168.7135,nan,362.7561,245.6298,nan,466.3978,210.1796,550.0398,nan,352.6421,368.8603,494.9534,453.9169,483.0374,590.0774,384.6041,356.0773,280.14,411.8159,463.8823,455.4587,508.5137,433.3071,165.3691,511.4281,515.0881,470.836,422.0801,nan,446.6962,524.667,464.077,521.7819,474.9663,517.7995,438.9763,419.8349,490.6856,477.3808,409.6851,nan,486.7043,nan,nan,467.2933,445.9535,490.3558,443.65
H1299,613.5198,486.6313,118.9899,466.5765,396.1003,205.4797,486.9094,433.6399,220.208,625.8803,488.8564,332.1987,227.8359,329.8191,344.4892,376.8905,617.8628,308.6707,310.1618,255.5978,316.6295,355.5102,403.3124,361.5467,333.7354,176.0807,334.8786,364.5029,440.0043,327.2138,447.157,384.2798,479.8367,405.5526,336.1117,369.9322,441.5151,464.346,429.4551,398.2771,447.7972,431.9121,373.3744,402.5073,608.6252,308.5972,404.3974,367.1805,402.6501,382.0527
H1355,318.4681,342.2125,161.9333,416.3858,311.7587,260.9566,498.3607,375.3472,200.2911,519.527,438.3637,320.5059,216.3532,330.4555,345.8316,412.7722,559.2879,368.8072,323.5394,326.5633,337.1333,439.9615,349.9495,364.7007,365.461,193.797,350.8474,374.6977,384.5247,343.6856,320.8327,388.144,420.4567,481.559,348.2279,379.5822,380.7104,475.9019,294.8147,374.3381,420.867,305.1433,274.6742,420.1513,549.0734,266.7976,390.081,379.3553,423.0219,435.2635
H1373,554.7722,408.8089,145.4339,467.3518,403.6436,239.351,498.7864,449.2781,226.1796,513.8962,494.9615,343.2541,352.2065,437.9803,431.5342,466.5102,569.7868,406.6737,366.8391,268.6724,431.1708,470.5392,482.0782,486.382,452.2971,235.5148,467.3062,456.5463,501.6921,410.8256,442.8426,426.3103,492.9613,445.2951,427.6913,458.9936,447.7474,392.4636,405.5902,473.0841,433.4548,405.514,389.7259,464.8981,586.8353,285.5536,411.459,446.1807,523.4942,435.2086
H1395,621.9546,541.0044,162.7468,382.228,427.3766,270.6568,497.6239,478.8186,167.7378,505.9028,427.4674,282.5542,620.8503,490.7511,nan,464.1325,558.3477,446.1627,389.1629,266.6719,400.991,523.0509,471.071,522.7636,458.1431,156.9416,469.3706,486.7208,489.8917,447.4045,405.6396,473.7836,542.8959,492.1633,512.8879,475.1824,516.1622,475.1126,422.7082,533.1305,483.2583,435.6241,378.768,477.0763,367.851,306.53,418.5656,444.0177,521.8136,482.1762
H1437,384.4191,349.9319,197.3028,364.1812,389.4395,304.693,459.976,446.1295,301.0768,613.614,400.6037,396.7878,432.7071,407.1375,428.2378,426.3564,531.6396,384.402,405.2734,331.7556,350.8365,472.3287,434.7051,424.1072,397.5062,253.3901,420.7396,448.5723,418.9521,378.968,396.8055,439.002,516.1082,508.6649,420.4391,436.5999,459.5115,455.2709,330.7608,514.5471,455.4771,438.5102,384.8109,444.5898,431.9009,316.6361,450.6501,415.6556,489.3953,449.0785
H1568,566.9213,498.0229,164.0389,364.6342,380.0789,273.4912,461.3922,450.8828,206.3664,509.8955,425.0647,355.3282,384.1552,381.8422,399.3181,438.3881,532.166,360.4758,339.4268,299.5038,357.9166,425.7824,377.336,405.1465,400.0821,235.3458,406.655,417.8633,423.9698,347.7072,415.657,401.7969,412.7402,463.7917,403.2349,406.434,432.2035,457.0212,344.8456,444.8757,432.4384,419.743,370.0601,455.634,490.0686,244.2655,386.2344,433.0426,457.5847,471.9818
H157,395.5319,356.8094,152.8898,460.8159,360.713,234.9549,454.2363,402.1954,178.7633,561.4057,462.8251,286.4292,259.4723,363.301,405.9429,434.1387,577.6873,341.4667,332.6486,220.8901,355.6951,392.9709,399.1653,396.5486,410.2101,202.7962,409.4306,399.5103,430.9282,354.94,438.3392,397.7177,413.2259,426.6365,383.6266,414.1494,421.3637,437.1042,321.2011,427.0918,401.9234,399.3073,339.0731,453.8526,610.5088,253.2685,357.6977,366.8589,453.0967,412.3861
H1573,381.6094,300.8857,194.5206,461.2904,434.1026,290.9183,483.4313,448.2227,338.9812,404.0265,491.9536,428.4028,400.5736,393.325,453.7127,479.0786,597.4817,426.2336,386.8946,311.6398,417.6117,540.595,472.9106,466.2254,469.8391,281.6925,512.324,412.5607,496.7638,390.1462,448.295,481.3217,494.6456,446.7518,466.4485,479.0654,486.1659,462.2713,340.5992,404.2436,464.4585,372.6696,384.0042,489.8233,511.855,316.99,464.4017,473.7432,541.948,486.5859
H1581,658.487,481.9697,143.9702,484.7425,395.6343,194.3964,489.3005,511.8886,204.5105,553.0909,470.6837,274.6793,397.8928,445.9795,545.2622,478.5364,611.0492,375.3148,377.7758,154.2487,425.2936,442.5449,559.4252,479.512,413.2615,172.0573,417.3524,443.8925,441.5276,437.0374,449.4247,471.8059,536.8489,539.5974,nan,485.5194,443.169,506.9732,501.6302,394.1705,508.9871,554.857,360.8014,463.6654,528.0586,256.2977,429.3092,413.9843,421.973,500.7387
H1648,443.3502,400.7098,190.7947,290.5264,356.3877,302.7261,387.2516,400.4167,246.2276,401.8961,280.1959,377.9392,320.1961,367.6622,359.6147,421.7847,402.1657,360.9252,397.8897,301.7253,334.6664,421.9941,373.6685,378.0889,398.5788,256.5847,363.5207,404.7885,396.9276,353.5231,327.1891,440.1754,462.6419,453.7351,373.7559,415.0513,424.0725,358.7105,325.9626,445.6809,399.6871,323.4823,366.7723,436.3743,580.0446,312.7763,410.579,386.301,455.1346,416.3993
H1650,672.492,519.5267,144.7723,417.747,369.8268,241.5183,475.3231,550.9279,178.2003,455.4978,439.6674,247.754,387.2885,420.7023,474.3511,466.1757,599.3317,394.1389,361.5373,202.1281,431.269,430.2249,449.6739,451.1811,419.3656,154.1158,446.7971,437.9538,454.6156,422.4989,394.0107,431.0339,459.4784,466.2943,430.4973,463.3699,459.676,413.2092,471.9409,392.996,471.5572,465.356,285.7976,446.9219,605.8427,313.8065,411.3303,461.0886,496.1995,409.1568
H1651,632.4127,504.1319,175.5056,465.0941,375.2824,308.37,471.1732,431.9897,271.8761,522.4802,480.56,365.5046,255.8587,399.3303,437.1504,422.0227,626.2685,394.6105,354.3006,324.1316,385.2129,438.0587,440.4502,428.7491,388.8005,268.122,404.5158,526.8601,467.5525,376.1087,440.0717,425.8432,451.7326,494.0457,444.3104,443.2544,446.1436,469.8195,337.4835,516.3704,453.2191,409.8471,361.2074,459.42,518.8219,298.881,417.0345,437.0218,499.028,456.4404
H1693,589.5925,489.6561,132.9194,477.6725,282.2495,252.1719,471.3035,493.2479,214.3822,432.0521,472.2542,316.5066,388.4973,468.3663,478.2242,498.4513,595.0198,428.3397,376.6327,257.149,416.5843,493.6826,461.559,482.8346,486.4023,170.4302,496.2147,484.1162,499.1784,427.8486,423.8446,472.3383,501.5591,460.4881,491.9108,506.3893,492.7745,472.7327,366.2807,442.825,487.6553,427.2119,360.4014,500.5743,469.0054,295.6173,485.4676,487.2167,517.6605,519.2125
H1703,571.6572,429.9405,144.123,490.2209,368.0783,189.6177,490.8359,382.7766,258.7206,538.5845,490.5151,296.187,227.201,332.3088,353.0531,385.3955,597.8299,308.6842,308.0653,221.2383,318.4988,376.5106,341.1585,379.6025,336.4907,225.9054,331.0775,386.444,384.2127,332.9493,431.0151,353.5938,383.3354,451.5258,361.8319,370.7701,390.5791,485.0383,274.4214,371.4064,372.8388,437.2636,338.2835,415.4871,511.3324,300.2702,326.3475,370.7817,429.1983,392.6425
H1734,627.3711,484.9051,118.7644,472.1828,355.0092,212.7706,454.5018,433.953,158.9238,430.8906,437.7732,223.6174,292.7162,331.3512,374.0145,415.5272,630.6762,338.1494,321.0466,175.1394,332.9352,393.5604,362.4313,412.5032,378.8942,167.1194,424.3899,432.9131,389.7548,344.5059,418.9747,387.7361,419.2172,436.9832,373.6431,374.6318,429.4844,441.7431,316.1703,439.1869,417.1058,405.8734,315.2214,419.5266,537.8904,278.4402,383.7988,380.6668,425.426,421.328
H1755,617.4733,500.5688,171.9306,313.2051,357.6881,213.1498,422.0652,393.7485,241.1107,512.7282,376.9425,319.7376,287.0282,351.0815,371.6452,395.637,505.1537,326.1747,340.6266,302.8969,328.641,418.7503,343.0503,402.4334,352.2663,170.4384,377.5703,418.284,378.6354,350.4796,443.0861,372.5735,435.8204,431.0983,377.5389,427.4127,403.3481,434.5758,353.6976,401.8138,409.428,432.0649,369.5043,442.3487,517.4236,256.3331,381.8557,382.2427,440.7878,429.7676
H1792,601.5136,447.7077,166.6498,456.0769,378.0241,262.63,476.6124,379.7958,209.9522,488.5347,455.5894,379.215,187.9973,336.0971,333.9636,386.8231,643.6323,333.0202,325.0233,292.3022,325.0938,377.9112,349.7807,377.2263,371.3322,262.9938,365.1923,382.885,397.488,334.9027,434.0676,404.8406,393.5754,417.9913,356.7175,395.048,394.5678,434.3361,359.2255,398.3863,373.1924,413.8716,379.451,396.5742,602.1517,284.7104,366.1384,377.0243,458.152,401.8793
H1819,577.8439,443.3927,132.5526,311.2707,298.4651,297.3176,458.6033,504.8485,213.4793,478.785,324.7437,320.0911,447.8522,473.4316,517.8094,488.4779,564.5017,413.5653,417.1996,265.2514,416.8022,485.9777,472.1344,486.1426,481.7086,219.3373,478.4914,506.2224,493.5942,413.4738,385.6874,487.3649,507.8113,497.0301,463.0564,497.7032,499.5528,420.9106,471.4469,492.5614,489.7876,405.7841,369.8208,479.83,468.5962,297.3789,484.6467,463.6317,510.6603,491.0016
H1838,594.5867,497.1283,122.6453,433.4356,371.4438,251.7358,482.7913,516.6997,180.8455,471.7005,456.7653,333.6003,407.3092,444.937,477.625,484.5611,612.8359,464.4326,390.0667,235.7312,433.3138,484.4584,497.8362,475.8618,465.3826,215.3389,498.2747,491.0462,497.7067,410.1782,459.1036,476.4388,494.8737,457.7621,500.9216,490.5321,480.988,439.3329,413.4117,506.3617,480.3108,395.508,365.8259,489.0756,545.9135,285.6634,455.9046,447.1863,520.1961,495.7514
H1869,596.176,528.0602,190.5898,471.8848,351.1458,292.3159,459.775,480.3155,166.4941,405.3755,474.3158,334.5211,329.5677,444.4975,505.7801,486.6009,540.1591,418.1148,365.7769,299.2639,440.355,463.6036,476.4196,457.5956,467.2913,183.4897,497.5627,472.4728,479.817,395.1044,429.1823,421.7513,481.9631,471.3526,492.1382,514.8171,480.8505,373.6497,450.8471,498.9589,484.5867,402.4519,379.9288,489.4214,507.1973,300.2713,438.5943,470.8252,533.0792,456.4572
H1915,601.2123,465.8975,135.5214,468.9895,372.193,231.3449,476.3675,415.6399,191.1383,517.0608,467.2667,321.7601,275.0577,391.3554,394.4711,426.8286,612.1189,354.3874,333.1661,259.8503,359.5882,401.2962,391.1657,407.5786,370.7483,201.8952,396.1422,420.3379,440.0753,373.5605,459.0488,375.7761,412.2866,452.3613,401.2964,442.2325,447.8887,452.991,391.1151,390.6491,408.8747,415.7168,370.3981,437.2353,516.2563,261.3176,394.9546,415.0026,457.7305,422.5323
H1944,313.525,290.6076,165.0687,444.1082,364.9494,274.7269,458.2626,474.9125,238.4966,424.5931,470.6976,330.1492,335.6493,401.1209,404.3257,480.8056,546.1213,427.8227,371.2999,304.9892,415.5829,451.1745,432.1852,489.5647,436.887,234.3111,439.7762,445.1974,460.71,383.3582,407.5065,462.4119,455.5544,428.7514,452.4528,477.7793,450.2772,413.0105,364.0586,433.6579,478.2792,388.0813,378.7535,468.8417,462.314,263.6895,432.4088,455.2239,509.6519,479.6557
H1975,628.3696,509.7264,148.8813,391.3335,373.1232,207.6698,457.4513,430.7486,153.843,527.4026,411.2084,334.2789,273.254,351.4672,364.9438,419.7557,579.8896,333.4707,346.3943,246.03,332.7864,404.3627,358.8096,401.7481,379.7525,156.4598,379.2549,414.5982,401.1047,371.9065,421.5995,410.4137,426.6353,428.5551,379.7828,408.5778,424.8242,421.0311,285.7819,404.0169,403.2535,420.5921,374.3558,440.7668,654.5062,283.4737,385.85,401.8234,447.0432,447.2526
H1993,620.993,480.1455,123.1763,377.3535,368.2267,229.0944,460.3229,404.0544,142.8249,397.4802,395.5973,309.0205,322.8703,353.6548,393.3815,408.4493,536.8433,364.6331,357.4522,208.6725,352.9949,409.085,377.3092,415.6146,379.9619,188.0292,392.3916,430.2339,413.9244,356.3741,411.4195,378.0392,439.4403,234.8191,404.2557,418.688,408.6727,435.8431,343.2315,406.5725,421.2565,412.0056,366.4924,441.2432,305.4694,272.7251,380.7788,374.4658,445.6712,422.0822
H2009,594.6698,419.4085,119.3238,472.4469,307.7129,240.5235,505.5889,430.1259,171.8415,503.1078,495.5362,260.2924,309.4889,385.0183,431.9783,440.4721,605.9363,397.6184,351.3969,218.4212,389.0911,410.7154,399.3254,434.3268,387.6178,140.0013,425.1666,420.9297,424.5009,380.1309,431.7471,388.7549,416.5749,442.2826,415.631,428.766,462.7841,437.8233,379.1241,347.5912,446.1109,420.9621,378.6408,461.3043,473.3608,318.2566,396.476,401.2494,451.8182,460.7322
H2023,312.6058,286.424,175.7721,448.8257,386.112,278.4384,473.1538,483.3515,262.6796,486.4486,485.9683,340.869,341.7904,415.6347,403.8778,425.3667,584.453,383.43,352.7411,315.17,366.9357,461.267,393.8788,431.6714,387.985,244.2368,407.0686,429.8859,450.971,388.3234,442.6004,397.1967,446.3659,463.3586,421.3925,441.6703,457.5866,444.1091,346.4873,480.7668,460.653,286.9265,361.0959,468.7205,390.3547,271.3723,391.681,435.6551,488.6318,438.1684
H2030,513.2427,418.2181,195.7518,469.8487,348.2805,276.4481,473.9291,454.9903,219.9744,432.8427,472.6587,324.438,292.3995,404.0446,470.7582,456.6885,601.1414,405.7979,379.7784,290.055,411.6214,449.044,475.9717,449.9861,410.4157,205.1166,439.3937,475.806,469.6811,392.2626,440.7817,441.2242,459.3649,467.5469,467.5047,481.1249,471.2148,455.6806,391.4835,503.7683,459.9616,411.2317,nan,477.6216,483.5665,294.1006,448.8962,436.9585,511.4534,411.0311
H2052,605.1577,411.097,171.845,496.5126,405.6172,234.1503,494.0024,536.0678,188.4214,558.1277,498.3318,307.6868,355.9844,469.0912,464.706,478.3492,615.5098,445.7633,379.4923,238.7917,452.1975,465.6133,470.2839,483.0836,471.5617,176.7696,477.7891,490.891,485.39,428.015,452.8016,486.8788,491.3361,465.4451,495.8399,480.8752,498.9787,490.974,472.6581,486.6855,483.5632,402.7735,384.536,503.4132,512.4957,251.7942,488.8222,459.1561,512.3022,497.0362
H2073,404.1457,348.3301,181.5307,287.9197,401.0742,263.3254,410.5938,455.8099,205.092,273.0829,268.8063,324.5179,461.2056,480.1858,471.9374,517.4219,465.5516,398.3324,407.6784,304.8895,377.2476,499.9314,425.2429,497.7221,502.7149,206.5583,459.6763,458.5064,468.0774,441.9165,321.2464,472.5217,525.1511,471.2453,494.0248,463.6881,469.3638,451.3073,459.9725,439.4025,493.574,395.8569,323.9824,474.0802,273.7856,nan,471.8028,437.3467,480.9012,462.5104
H2085,588.9417,513.6828,159.1643,nan,389.4799,260.8596,nan,561.499,180.016,536.744,nan,343.3029,456.3186,524.7668,554.4501,542.5967,590.9578,512.9094,423.8659,282.0716,495.6481,558.3868,565.3536,560.6415,487.1862,205.7622,554.4169,552.6816,560.6915,476.5625,nan,535.267,558.4019,507.7554,575.7696,536.3032,543.1105,440.6236,514.0912,538.6731,563.827,399.8,nan,561.9927,nan,nan,511.3389,487.1773,584.9851,542.0803
H2086,598.3647,509.8158,154.6747,416.1144,318.3557,261.7283,435.7942,497.2143,128.481,526.6705,440.0081,268.9902,429.6868,485.426,540.6857,487.2716,521.8248,496.1137,370.7817,267.0138,426.6755,482.9109,498.1362,486.5471,464.4956,131.8549,511.3186,475.4869,533.6653,426.7219,440.8,481.196,503.383,445.7584,486.7672,494.6288,471.3717,464.7444,459.6298,450.5665,485.9217,391.873,371.4883,515.2806,572.9674,313.8706,515.7907,469.2005,516.4161,527.0471
H2087,604.5987,518.3012,165.8645,482.877,366.7092,255.427,473.9207,448.168,239.5172,493.9687,466.066,350.2117,326.396,413.2651,439.0521,445.9647,570.7343,358.3564,345.0952,301.9687,406.7602,447.6267,413.239,423.4658,403.0247,217.3206,423.1909,483.9268,458.15,385.8272,456.7546,414.2864,487.6505,431.9233,404.8585,408.7795,460.0236,376.364,411.0312,488.8704,462.7508,425.4635,261.4838,483.8191,617.4987,291.9058,435.941,457.6186,495.5767,445.7579
H2110,278.3303,309.6745,163.5454,255.2236,310.055,216.1772,400.6699,417.801,148.1041,412.1427,257.3469,328.8931,357.2328,396.0348,413.7038,430.5517,541.4918,385.398,423.1961,224.6014,391.4922,437.4887,423.5585,416.8168,419.3343,212.7034,390.8425,408.2884,445.3101,362.0766,321.0792,461.7335,468.2387,435.2897,423.0668,440.5845,401.8224,397.3989,331.8979,402.0158,411.428,410.8014,356.8358,461.2367,560.5459,253.1483,442.5574,431.9717,503.4217,466.4753
H2122,341.1542,355.8546,175.8288,354.9322,405.5155,281.3687,287.498,388.0956,255.9686,567.6994,386.9109,386.5218,385.8503,340.859,361.4909,400.7226,325.3322,326.9485,343.8429,327.0325,311.6345,416.2851,357.4308,400.0258,341.7794,325.1062,372.4201,384.6128,359.4812,341.371,318.8295,369.1746,431.3475,471.2557,353.338,373.2357,385.062,442.2808,300.6849,345.7153,384.2901,270.9038,386.2672,438.5329,499.1944,308.2196,344.1791,406.2281,420.1796,405.2873
H2126,537.5244,465.6266,173.8427,369.0052,425.9288,274.0128,459.5833,391.0175,183.1943,465.5565,411.7356,342.7616,297.9774,372.2036,397.2426,396.4566,578.9031,324.1107,340.1963,253.9065,345.4488,396.7339,347.1462,382.9904,387.1826,211.7659,378.9066,394.778,413.0082,352.5852,448.5662,386.9374,431.069,447.5516,372.8236,386.4837,410.1069,401.7517,296.6895,389.1993,400.7639,413.5383,307.084,439.7154,616.5585,302.5879,401.7657,393.9002,420.6472,424.0211
H2172,610.4306,504.3308,186.1169,464.9456,426.2657,294.8261,476.0622,469.3075,227.3865,554.6738,469.9374,346.6862,335.9122,453.7938,479.3001,465.1726,590.7468,436.5367,380.7929,304.124,395.9707,479.4715,468.2887,472.0202,459.2696,245.5619,469.7082,480.2276,487.9418,425.6372,434.0154,480.127,503.0002,487.3373,468.9979,480.7682,492.6334,470.0851,422.7767,452.3995,484.03,419.7165,351.6446,493.6742,416.6756,241.7697,468.9059,452.0312,510.3095,485.8714
H2228,450.0966,384.1704,212.5781,nan,398.8619,324.9226,nan,487.4318,266.4151,521.7487,nan,398.6981,405.8606,465.7299,473.1356,488.0591,602.9902,416.6655,384.6113,335.1235,406.0402,510.3858,460.0092,493.4051,467.1696,276.4543,461.995,452.9771,469.0471,437.1086,nan,467.4352,505.3229,364.985,481.6121,466.6884,473.5193,466.8058,400.9919,453.409,472.1816,400.4112,nan,496.1816,nan,nan,500.1274,470.602,508.8896,426.2437
H2250,617.6099,511.4729,172.1582,494.4623,360.7132,257.7609,473.255,441.9282,156.6392,502.7698,487.4749,338.2362,380.7593,408.7754,469.1992,470.4706,606.8316,405.6757,410.6263,251.3396,444.5239,442.6937,473.7987,453.146,473.1607,187.1125,414.4614,462.0248,493.7499,406.2975,435.0231,495.3106,466.3527,315.0931,450.7116,447.4841,489.0917,410.8026,384.4068,432.1617,422.6594,410.1931,330.819,487.5353,504.7059,302.0133,460.1973,456.5378,530.2402,342.0833
H2258,523.8552,416.2407,156.4342,436.9169,380.96,246.3255,464.4471,433.9632,192.6063,482.8333,462.3192,359.1624,328.7288,368.687,330.394,425.0049,548.1605,337.9125,321.486,286.8532,306.7586,399.8375,313.2409,400.0118,374.7634,225.218,379.9842,381.2496,379.8467,349.2628,424.9521,389.3828,405.4887,317.2668,372.5834,365.0574,406.8044,401.4904,296.9202,347.3139,389.594,398.3522,346.9164,415.699,555.6955,284.6944,388.0286,400.2907,425.0919,393.526
H226,581.1787,418.8733,133.1979,455.6488,394.5128,230.0207,487.4099,488.7086,234.9155,569.9648,456.119,307.0281,369.7102,454.6488,452.1978,474.1864,585.4368,431.8869,369.6997,257.453,401.9388,466.8881,445.69,452.1011,432.5319,169.0705,492.2995,507.2013,466.655,397.0441,453.4023,421.2163,495.4619,431.4853,458.0888,472.1139,495.6262,504.374,463.3795,508.05,484.1462,419.8386,382.5905,485.1313,505.9284,277.3398,429.4767,460.9221,506.0348,454.0973
H23,621.1078,411.8199,110.2785,436.22,350.9738,152.7239,458.3941,385.6951,157.0415,487.0749,433.3966,263.8791,276.577,312.4683,349.6877,390.43,567.0195,302.7172,274.5697,212.867,316.0886,325.9958,299.1364,362.8466,306.7477,193.483,316.3618,357.8251,364.124,295.3623,408.7562,333.072,354.7112,437.4853,365.6913,347.4614,363.6622,453.1281,297.6446,333.1897,402.032,401.0936,392.1733,361.2883,603.0933,255.8546,324.315,390.6225,395.863,354.6592
H2342,613.4052,493.0471,175.5387,306.8414,346.3026,276.3462,444.7645,560.7964,170.7161,518.2469,330.1991,299.9607,540.1775,484.3264,556.3275,536.4332,582.5051,466.0292,437.2747,254.2486,447.812,513.8094,528.5511,520.2329,533.8608,217.3619,581.1419,536.1985,563.7644,462.8486,423.0308,490.9224,557.5008,494.3784,587.1796,552.8048,547.0289,477.5225,503.773,474.0121,519.3734,424.6612,366.0256,566.9299,471.4617,279.3944,508.1756,505.5168,546.1474,491.6781
H2347,596.7909,523.449,162.7406,454.041,384.212,240.6431,473.08,463.1635,160.4735,515.4086,468.7002,304.4359,406.2194,435.9665,457.666,465.5211,591.0798,414.3627,370.4542,254.7636,401.012,478.286,430.8161,486.2439,449.2698,211.0465,458.3177,455.8368,471.4567,404.5682,444.8241,475.3271,478.2615,462.4597,472.9094,462.5769,471.2492,444.7776,459.071,469.271,473.4717,433.3983,365.5753,501.7587,609.9062,278.3848,461.5712,463.3493,498.2729,445.555
H2452,542.4729,483.2556,157.1808,456.8785,379.1,282.7664,476.9726,427.711,208.5256,531.4436,468.29,338.2145,266.4991,390.3285,401.4975,410.8982,538.7438,369.4488,341.1216,264.8477,371.2781,404.8881,408.2197,427.8219,386.1484,232.4432,391.5356,427.6226,437.4067,366.3358,443.7266,419.5491,426.0727,469.806,420.37,417.2133,432.9438,438.4142,300.723,458.9253,436.9509,422.5632,364.5074,433.3293,436.9232,267.6143,405.8415,418.3009,482.553,452.8493
H2882,585.7277,479.2766,153.3818,450.0502,337.2188,236.7451,491.2811,437.4331,203.512,490.4235,441.8467,269.4884,269.993,425.1318,419.8401,484.6467,575.4844,401.4807,350.4083,250.8132,405.1745,456.8213,438.7297,443.6061,424.5925,181.0992,413.1293,460.0873,465.348,393.0087,426.1616,428.1267,474.1913,437.5663,444.9682,444.2769,421.9446,422.6855,500.5051,372.9669,460.6686,413.1029,395.4412,417.7192,631.9626,293.9934,443.5755,393.7298,493.751,468.1489
H2887,610.5964,507.5136,176.5072,484.3491,359.6039,291.5808,490.0331,466.9249,248.9205,513.6353,494.447,383.4352,410.829,450.6584,463.57,498.084,589.3092,451.4074,383.4321,308.1709,404.5635,458.9699,445.0643,464.5385,469.6649,269.3871,493.9224,466.8728,503.4018,415.7549,448.658,464.576,497.5095,469.3648,482.8319,501.1122,495.2487,454.9521,433.9716,498.3425,479.4739,427.4178,386.2506,497.4869,553.065,265.9333,485.6691,483.2358,509.3609,512.5361
H292,528.7144,454.2378,158.6711,422.072,366.5063,243.609,460.9923,422.8184,145.2657,373.6254,492.1472,298.3259,321.4753,387.829,399.0572,421.594,548.6078,370.0007,350.0474,261.4571,366.2766,428.0149,404.2779,415.4876,385.2303,155.3899,410.8818,441.6524,436.9648,378.0187,430.9376,400.8825,447.5564,426.4232,420.9197,429.1496,449.8766,441.1962,338.6108,413.1733,430.071,390.4668,374.2343,452.389,423.0265,309.8754,408.3285,433.3263,461.9674,464.8077
H3122,637.2071,529.8025,188.519,431.1202,388.0889,289.2864,453.7886,447.8667,251.5154,654.2772,434.925,365.3163,447.2411,426.3234,501.0569,482.3424,479.6677,386.9208,420.611,315.7149,415.9896,501.6027,495.4883,439.8986,430.8737,266.2776,440.1953,455.9717,452.3996,383.5049,346.3179,467.0727,525.511,448.7354,438.6617,547.8554,475.1128,411.5487,471.0049,443.2649,444.9761,441.9864,383.483,473.1746,610.1593,333.0049,492.9962,464.6573,499.7574,455.0529
H322,463.9938,430.345,153.8087,353.2211,262.7586,252.6027,439.8437,427.8734,153.0099,365.9431,393.3021,310.1561,320.9241,382.0895,418.1556,421.1502,572.1614,392.7801,371.7957,240.3895,367.7342,423.7507,410.2744,417.0672,435.6195,200.1033,398.0977,453.0879,453.4476,388.6129,413.3507,428.7891,477.017,484.8316,442.8575,423.9912,463.3005,477.6006,375.8012,472.7459,440.1223,445.9892,235.7375,437.4074,571.5341,268.3872,438.0762,428.3349,479.1931,419.0589
H324,581.3292,514.3235,162.6102,416.1426,330.9771,265.207,441.0349,456.2583,174.7391,545.9812,442.2047,278.7844,375.598,404.6419,410.1728,435.0187,590.2499,371.322,344.5809,247.2927,356.3172,405.94,400.9386,386.4026,368.0635,196.1012,374.2668,413.4969,427.7321,349.2836,433.828,360.0651,456.7287,462.9816,378.0651,414.9736,448.8328,428.6301,381.4394,402.61,396.11,404.2208,359.3934,455.6846,508.2593,297.3429,371.5723,421.5286,439.8795,424.5019
H3255,424.0463,412.1163,163.2359,309.5499,389.4644,256.4292,443.6368,426.5429,160.706,224.9495,277.49,310.0815,449.894,441.2481,466.0856,461.42,538.0168,381.4457,392.4991,264.0116,373.0952,489.5954,492.2713,442.0028,491.2377,320.0202,433.2357,431.7708,461.5765,393.0975,398.7178,497.3561,512.5065,427.4138,416.665,426.6286,465.6665,405.2784,363.4797,417.2437,450.0272,395.7058,361.8423,478.1549,614.3082,276.7002,471.0999,431.2022,485.8255,457.6829
H358,606.269,415.5714,114.5818,339.451,355.0432,228.8641,456.7337,474.1756,166.1764,424.1963,351.583,301.2023,372.2109,382.7953,423.3189,450.4745,560.3183,373.0006,340.9669,257.9298,368.8426,451.5499,423.0277,447.4178,406.3691,161.8769,406.6015,416.1101,423.6753,381.5026,403.1639,452.2392,463.9418,446.0048,416.8279,399.5582,422.2032,417.4187,341.1859,394.5258,453.1258,405.613,365.325,469.0427,647.1563,269.8715,408.8656,437.6121,443.7825,394.9783
H441,586.0087,520.1777,162.9016,443.9046,370.4475,292.4813,490.0769,507.6168,210.5541,456.0892,468.3503,351.7396,399.8416,470.8353,468.4222,493.8119,606.6582,433.5548,391.2974,293.012,424.6615,531.3867,470.5949,513.3104,503.462,230.7561,492.7669,472.567,511.5809,419.1137,392.9709,452.7467,517.6871,476.3935,503.4216,483.3666,499.6889,477.4933,416.8283,476.4355,498.8832,418.0423,367.9319,546.308,558.0373,266.7916,473.9559,504.3663,524.7185,516.9336
H460,353.1085,345.4772,166.0561,510.7781,365.6799,297.8855,489.089,416.212,215.3674,617.6456,505.9947,360.8563,238.0745,397.011,379.5932,447.1645,594.1219,361.536,323.8645,300.9711,373.007,406.2272,379.7985,416.0756,381.0547,224.0351,399.9007,410.9271,421.6437,365.9678,438.4588,408.8206,418.3257,440.8511,391.4473,417.3772,424.7687,460.4398,315.7107,387.46,419.8779,418.9529,329.8921,448.8878,481.0024,309.0714,436.3471,430.4475,476.3373,436.0913
H520,572.3314,460.5231,158.8381,505.0523,254.5342,239.978,479.8712,366.7069,226.9021,584.9326,505.5122,309.5672,210.2871,321.8085,343.8384,406.7744,582.8705,340.8812,339.6072,253.9824,313.3001,377.8198,375.5454,368.4395,384.719,212.3651,348.9127,404.8209,376.225,342.8201,450.6239,404.2678,403.4663,436.7432,349.3253,421.3471,414.3296,395.8698,363.712,402.2286,390.8052,407.0722,390.8422,439.8229,518.1018,251.6581,394.4847,385.2357,462.5922,431.9179
H522,601.4444,489.2509,113.7924,469.4079,287.7697,219.8537,462.9486,458.6248,220.7346,490.9389,468.1847,236.3211,300.4796,396.1114,475.1834,450.9006,576.1806,413.1233,364.8299,208.9559,395.7155,462.9756,423.15,456.0221,437.839,160.6696,471.4943,451.0047,448.3512,406.4524,436.6985,436.1991,497.7694,495.4641,479.153,477.7773,462.3729,455.2178,408.7344,429.1005,484.6197,417.3299,269.9507,491.7385,510.8589,210.9952,444.6918,423.8292,473.1762,455.6737
H596,427.7937,396.7132,161.5265,279.0804,305.6581,222.058,447.6441,489.6957,216.6156,446.0491,260.3496,288.139,429.7983,431.1288,463.4905,528.0502,549.0899,409.9681,389.0812,231.3888,432.1447,490.1625,479.5856,502.4898,447.3213,188.0055,424.7989,480.4692,468.5257,413.9069,398.884,483.0613,509.4418,476.1398,516.8477,487.0031,469.709,449.1723,421.3587,475.6346,515.5244,400.7115,366.4283,510.3884,519.619,297.519,471.1181,479.6925,506.2173,493.4512
H647,312.3785,331.3695,167.7251,450.1903,385.7987,302.3793,478.6159,485.7162,236.0125,544.0765,468.7306,350.469,455.9431,475.5852,509.3157,446.4542,604.2991,412.953,375.7298,309.9844,434.5794,488.9718,444.2734,515.5117,471.5736,247.4518,491.024,478.6748,512.4479,441.5158,438.2852,460.8202,523.8532,455.9363,516.5165,479.1098,489.0636,469.7978,439.0622,474.5316,521.9972,429.2883,nan,505.7521,501.5397,292.764,470.673,475.8416,505.7369,451.4716
H650,608.4112,523.895,133.6457,475.1095,440.6463,252.0703,470.9352,462.4547,163.7682,564.1571,477.5251,303.8644,344.55,444.4214,477.341,510.6437,608.4034,409.6188,392.3301,251.8397,455.2689,478.3761,488.8171,455.4675,469.4164,179.0657,467.911,477.2638,482.2861,421.315,433.8768,454.1673,516.533,479.7373,480.9994,461.5002,498.5271,440.0089,462.8269,436.0358,476.3895,419.039,380.1798,476.0614,624.8967,306.003,484.3637,449.8628,537.9183,494.344
H661,618.9418,473.8861,164.1991,465.7052,241.3472,226.5589,487.0574,413.6699,261.7106,508.3026,499.8555,336.6089,252.8917,335.7188,389.6591,389.7273,592.5381,319.581,311.134,262.4889,324.2278,375.1149,326.4187,396.0031,356.4178,201.0027,344.2701,408.7515,392.4325,323.3845,431.4165,373.7197,394.7796,478.8163,405.92,412.0719,387.344,461.4019,299.0703,339.2859,403.7908,411.4283,272.5439,424.6496,473.2344,209.4283,359.5097,368.3813,445.106,417.9756
H820,577.7532,450.4835,127.8366,416.4516,419.1567,249.8504,467.58,519.8374,151.7812,541.035,442.1832,293.5094,383.4728,437.8987,430.7414,538.607,622.2936,433.4946,387.2447,238.3697,405.2024,484.6961,429.8701,473.6552,470.9415,176.7441,506.555,465.0245,476.9025,383.1063,350.4679,434.4063,477.7998,492.4232,456.0701,470.7152,486.189,499.5061,376.178,452.7455,495.7806,413.2066,376.5784,505.57,618.85,258.2623,486.726,479.808,500.6819,536.8906
H838,584.0788,468.1121,121.2138,486.0583,316.4217,229.5784,478.5405,393.1398,176.4556,499.364,489.7353,323.2606,230.199,336.5877,385.0037,407.61,587.5487,330.9132,324.3177,288.3854,352.4333,377.9763,372.0487,393.054,356.3632,146.1958,373.1581,412.3557,421.9356,332.9583,443.6557,361.8282,379.2274,455.286,392.8834,407.1465,411.599,487.9984,321.7185,431.6604,402.1187,428.2697,380.9123,421.6671,517.561,240.4733,356.8365,404.2124,474.0747,434.1167
H920,571.9095,524.2057,190.599,432.4337,373.0425,297.6818,442.7174,450.1732,312.1187,598.2714,468.4907,393.2963,272.2368,386.9089,413.6573,425.9838,491.9355,356.0286,343.5018,311.8516,377.29,466.1803,385.2866,436.877,381.5008,270.4197,422.9077,453.4543,424.7342,377.2355,441.289,382.1522,464.9173,399.3651,423.5348,411.3562,430.3166,442.6879,361.7713,422.1697,423.8044,325.9001,374.7691,452.7662,530.8397,289.6564,354.7871,417.4906,454.3294,430.3748
HBEC13KT,613.1923,430.1493,129.0994,435.4583,262.3848,228.3952,466.7186,453.5883,210.2024,541.019,482.1041,231.8233,330.9246,396.419,381.8611,430.0655,631.5735,387.8779,327.9274,241.6035,358.8112,419.4923,376.5684,429.85,396.5676,169.6028,417.1248,421.5132,430.8033,364.2278,426.9525,381.3789,442.9827,401.7579,416.3097,414.3052,436.9018,474.4514,436.1774,430.3784,433.4412,411.8243,365.7777,460.8311,801.0533,282.4877,394.6618,417.1811,464.5031,443.8164
HBEC30KT,574.6466,475.4846,111.0423,477.3922,318.5744,226.1558,463.9749,442.7137,199.4486,481.2253,486.4758,223.5139,342.8646,364.3876,387.4415,447.3901,624.0189,372.3141,331.2717,212.4671,353.1432,395.9966,382.0736,394.5937,363.2892,141.3519,427.133,405.4264,450.8711,346.6197,435.5055,408.2816,412.3549,448.8539,404.069,432.6771,411.297,438.8064,463.5318,408.1164,423.7144,418.4686,376.3336,419.0376,483.2075,283.4524,381.3369,402.918,457.5151,454.462
HBEC34KT,602.2571,391.3625,131.3843,470.0657,422.5907,264.8697,482.3289,513.6792,196.4518,492.8026,463.6102,291.5857,455.3412,492.321,472.6325,499.5994,643.7095,453.3993,389.3076,257.4711,392.432,512.1069,493.3339,500.4039,458.8027,169.034,506.5904,462.7616,493.3007,420.2955,432.1934,504.5341,481.3273,468.8459,505.1534,462.7073,461.6794,478.6373,431.8664,533.4829,535.0062,406.7115,381.3745,529.6326,668.8744,313.8299,482.3846,469.5747,539.7829,525.8223
HBEC3KT,466.7278,324.0346,99.0211,436.5896,278.466,232.8485,462.3206,452.2642,148.2192,376.9843,473.5609,256.2371,370.8127,410.1486,436.7308,469.8631,537.4767,438.5061,352.0224,215.3285,381.6132,454.7193,439.5253,455.8118,413.49,143.6536,483.1173,435.748,479.4511,384.7056,419.838,431.8232,453.1889,437.2731,436.015,451.6801,419.193,364.1326,452.0707,456.5177,458.0544,422.6397,359.6989,449.3516,598.6273,269.9091,426.303,455.7801,511.2495,427.0915
HCC1171,594.8815,519.2744,161.6796,454.5,393.4259,252.3959,484.5605,474.8096,203.9506,518.558,445.0331,336.5113,376.2597,441.0208,449.7734,485.9694,575.3108,452.6719,381.4433,285.9387,407.1465,486.461,499.5024,490.4739,456.1883,256.3699,481.7251,471.2536,489.3438,408.6005,428.4848,476.6343,472.9331,443.0999,491.3513,502.2271,484.9139,464.0733,460.9121,476.9988,459.82,423.2643,361.2781,517.5945,624.0814,297.3202,476.796,464.2455,544.2155,497.2263
HCC1195,591.9131,497.4959,130.8868,451.7824,383.4373,215.7126,486.7012,456.736,150.3015,476.3362,457.8046,291.8746,363.6163,420.953,450.1595,462.4,560.7807,371.4583,336.5786,269.109,416.0603,453.7959,444.442,436.3727,408.8993,202.3437,455.9463,431.1429,430.8333,395.2326,426.3527,420.6708,440.0198,485.6139,460.3626,431.2915,449.938,378.9701,423.0919,409.4055,461.9172,412.9319,384.0124,452.2188,607.8768,290.8875,403.8578,430.2049,501.2092,438.3913
HCC122,582.6088,506.2563,201.1018,nan,434.1892,284.8759,nan,471.0004,264.6524,506.8005,nan,375.3238,491.8435,461.0808,509.1606,452.0957,532.8234,442.7703,444.9282,313.6681,439.4609,531.155,519.0136,501.4989,476.3348,256.539,464.4681,489.3695,496.4991,427.8269,nan,505.4152,533.6066,501.6997,498.5941,523.7887,523.6032,426.2687,447.6152,525.8438,510.6343,409.6421,nan,499.3002,nan,nan,504.9601,474.3177,543.1284,523.9482
HCC1438,553.728,520.9554,170.6908,510.9437,297.0687,263.5106,491.4507,395.2754,215.6145,575.1468,493.4094,312.2855,228.4773,311.0582,343.4879,387.0682,622.0123,325.2835,320.938,263.281,308.7143,372.2219,331.3728,373.7343,340.0101,203.1404,333.8797,397.0197,392.1584,344.6301,447.1004,364.0656,385.5568,489.3275,357.9819,350.3057,361.3256,383.7224,268.3617,351.5635,411.6118,413.8026,374.7113,442.8538,459.4601,304.0776,332.5222,425.743,406.1553,421.6536
HCC15,399.9085,397.1388,158.1215,456.5928,346.2705,206.4393,481.5673,376.1835,147.7078,549.0958,479.0762,242.9094,236.861,327.6771,354.0954,420.4715,581.7589,344.3032,327.7129,245.8354,332.4432,367.6327,332.9583,360.4152,340.4906,182.3002,359.6454,389.6217,376.3459,331.9185,426.1727,382.2564,407.309,397.9004,363.2763,390.9719,387.3179,452.8968,283.5588,380.6067,406.5192,394.1976,376.7342,450.4747,556.7649,301.3378,349.506,410.6771,411.2492,380.7589
HCC193,517.8958,436.8729,156.0028,455.9063,395.7922,242.832,470.0792,425.6673,191.052,459.7049,465.2881,343.376,297.5219,388.5654,438.3906,459.8423,574.5342,394.746,346.6385,268.9094,388.1069,427.6503,436.499,433.2477,386.6252,237.9185,434.8145,449.8548,463.5429,379.1155,430.9827,427.5981,445.2306,461.8062,420.5938,461.8443,451.1386,433.312,379.448,444.78,437.5666,395.5388,363.4973,470.7882,634.1721,258.0519,435.6445,418.5766,496.2481,452.811
HCC2108,587.2145,519.2624,150.6824,471.8163,337.3311,251.5797,464.806,434.4298,174.4358,554.2006,468.6382,279.2886,284.9175,385.2592,407.9405,400.5256,602.6865,339.427,309.5884,234.5286,364.7808,417.7527,383.2817,418.6567,354.6773,166.9113,376.5755,427.1316,403.416,368.1313,464.8946,401.8879,442.8958,453.3372,424.4318,423.3493,420.9408,477.4687,310.2129,363.1227,436.5717,431.7495,373.8554,447.3567,514.6539,306.3813,372.8294,412.1622,435.7116,441.5784
HCC2279,624.8597,496.7856,166.045,429.9253,399.8479,256.4308,465.041,478.6796,209.1607,444.7533,444.6919,335.6304,350.567,429.9887,449.9295,485.1384,569.4855,418.1504,372.2104,260.5066,394.6149,461.5401,440.1944,487.6019,449.5579,189.1199,441.2199,457.8484,474.3111,410.9587,425.0958,458.3447,470.8181,468.7974,439.6171,478.8946,470.6946,478.5169,345.1431,486.9793,492.5666,421.9105,324.2468,498.7946,533.9529,278.275,455.2107,441.7374,493.8546,516.1357
HCC2450,603.9067,524.7947,168.1869,426.7549,317.1082,272.6815,478.5689,538.282,262.5869,557.7543,454.7683,332.0752,456.0361,516.2208,495.6983,531.7963,589.332,489.4694,414.2704,267.931,452.8924,513.9432,502.3517,503.7084,506.0539,218.0554,547.2755,528.7719,527.3539,434.3093,433.7202,493.3865,508.0341,496.6143,532.4599,512.5747,524.0758,466.1409,439.8596,499.4286,515.3135,399.5172,369.9031,546.6437,494.8925,297.7527,497.0646,495.5693,550.5302,534.8958
HCC2814,329.2951,335.8755,179.2216,331.9245,382.7692,299.4643,428.6895,464.0794,310.5693,458.4529,399.2705,386.169,346.8427,365.3132,390.4635,415.979,548.1367,358.9536,386.0008,302.7919,368.6544,431.0451,393.5334,398.0289,389.6549,243.2122,447.3513,449.5776,401.939,360.9231,375.4677,444.0471,500.8506,503.5416,392.7347,396.6123,464.2663,435.5424,395.1271,432.9386,416.8032,400.7906,377.4786,456.6347,614.3985,310.7672,429.0527,439.037,426.9378,381.0822
HCC2935,582.4066,496.886,159.7249,286.633,377.7115,278.6559,475.9174,530.1232,175.2622,302.6675,287.6366,303.5315,531.0753,520.5956,532.829,514.3827,572.392,493.9938,486.9452,264.4557,461.2528,552.6454,549.3909,534.6652,504.6946,224.0594,531.8438,527.455,528.6935,467.1157,420.2185,531.5281,553.4946,482.8572,544.1637,545.7396,550.3624,429.0073,458.8424,497.698,543.1202,402.0826,364.5493,537.9729,536.8102,302.8332,517.4662,498.0149,546.196,510.9482
HCC3051,618.2496,519.2826,169.8783,470.7897,318.3821,233.6265,474.4807,457.1913,236.1683,475.4629,485.1089,337.3754,334.4372,390.8001,367.5799,407.6029,601.1578,335.0806,311.938,268.6209,342.6437,412.9425,351.5423,387.899,393.676,210.263,447.9188,427.1608,396.3395,364.1727,429.2512,380.9124,424.7569,500.6369,410.787,405.4119,411.8878,455.8232,339.0494,391.2035,425.6487,417.121,256.2794,414.9177,516.2429,283.3469,365.1478,408.4194,457.0623,455.7008
HCC364,584.0809,478.7864,144.1979,502.0518,377.0607,271.4922,463.2545,518.3116,143.7438,512.6538,496.6466,255.494,456.4716,500.6151,462.9416,471.2739,628.5358,400.2297,364.5583,223.9917,431.1783,512.4709,437.4193,446.7421,466.2459,168.9922,459.1899,500.0916,466.304,439.9846,411.4526,454.7362,472.1566,503.4434,465.4185,451.5445,512.1504,464.3421,353.538,488.5471,455.0222,416.2239,361.6436,533.293,500.0044,343.3049,439.7179,444.4463,502.693,542.4708
HCC366,557.4781,482.5957,191.8984,471.2547,367.9632,288.4401,485.1907,467.4803,201.0105,514.9606,473.0346,367.3219,373.0179,455.2727,517.6928,519.5127,573.5953,405.6205,376.1247,280.9405,423.1209,488.8238,492.1839,477.3312,496.1418,223.7104,455.5366,470.3892,499.2536,413.1992,369.2536,462.8718,488.348,461.2252,463.1778,489.7316,510.9007,471.39,432.0895,480.1096,484.0955,420.339,374.0489,501.5035,436.1435,241.2111,497.1967,485.0415,485.1134,523.3096
HCC4006,547.9791,387.6756,137.9962,332.1185,449.9092,234.7642,445.5317,436.2156,158.5778,218.5459,372.5541,256.5598,372.4428,385.0247,381.9458,401.5646,532.8754,345.15,352.6003,257.3574,361.4734,423.0403,434.1135,417.5634,387.2346,167.9036,408.164,422.2061,380.995,342.7452,372.0533,388.9622,459.0564,480.9185,360.6227,418.2296,429.8698,393.1566,374.4285,409.0147,416.8333,393.0982,369.9294,434.3084,627.081,281.1633,385.1101,409.6147,443.5148,433.5797
HCC4011,538.6597,434.4459,188.6538,477.0484,332.2687,255.8976,473.344,554.0489,210.9773,397.9354,463.8409,288.7532,453.7635,486.382,471.9653,526.5814,549.8525,464.4785,424.7176,278.746,422.0482,497.4143,519.4127,548.2378,495.383,233.5894,473.7136,547.114,518.1107,442.3169,439.5277,490.0135,504.2605,480.4163,522.728,514.0875,511.7901,351.4333,437.4807,495.9281,550.0519,434.9618,363.622,544.8119,569.2735,305.0375,454.7612,503.0081,509.8621,559.7823
HCC4017,624.7578,507.8348,139.9702,485.5411,394.8772,272.0139,477.1098,433.1373,187.5633,504.665,491.7783,338.568,320.1366,396.9266,416.1633,438.8756,585.3185,359.3064,352.4911,249.6062,372.6759,426.9287,385.5505,440.8286,408.4658,208.7771,406.8499,434.8515,425.7528,390.8617,427.6013,418.3012,437.6393,421.0125,421.5039,432.3576,416.6334,455.9097,341.3164,442.977,433.5277,420.4085,378.2957,443.1039,487.9017,291.9854,425.2977,437.9144,444.5306,414.5969
HCC4018,595.042,455.2676,127.8366,420.8555,305.5867,192.4141,453.4667,426.6288,171.1256,570.3711,441.5943,254.1841,227.7826,337.9866,378.5657,388.3019,556.9559,350.4162,360.6447,206.8233,323.8581,377.7508,372.0693,372.2337,381.4419,170.4201,394.0924,449.0324,399.1639,372.2787,433.615,407.0268,459.712,483.4535,414.8736,446.3714,450.1167,407.8326,424.8243,378.2886,416.574,434.0072,353.8191,447.2889,556.2535,240.7106,384.9077,407.3829,453.7619,433.3368
HCC4019,460.6886,361.0009,189.2118,445.6727,393.1602,305.4896,479.0238,470.3265,223.1417,489.2676,442.5774,349.1745,370.7236,399.7103,410.7102,449.7778,583.1384,371.0612,334.4565,282.6984,371.4306,411.6105,402.4591,419.511,405.8364,234.1115,383.537,405.0731,444.8394,362.6696,425.3116,409.8413,422.5204,454.1624,430.4923,454.4876,414.3654,447.2487,359.6756,403.6338,426.8488,383.9744,384.6101,464.6565,459.3983,299.0369,392.6518,435.0507,462.0309,441.6306
HCC44,547.9453,459.0129,135.8669,414.2542,310.2932,308.4202,470.3155,338.801,202.7072,527.5465,489.2997,336.8012,237.8812,309.2516,308.9452,364.6605,594.2228,275.4187,271.0385,213.9712,278.625,342.1455,278.2573,340.3249,298.6902,219.3147,323.4623,344.806,327.6453,300.0688,386.582,314.8652,374.28,455.4522,320.4814,341.9439,352.508,460.5766,332.5624,329.8869,334.6105,384.345,257.2978,378.2532,471.6515,244.4632,303.7484,360.4271,369.7803,386.3282
HCC461,592.1841,486.6288,126.6943,462.2598,393.401,239.278,475.3074,490.2872,172.6927,511.6312,459.1163,305.764,405.9781,462.0281,496.1522,473.403,605.8836,444.8628,368.0542,191.6668,436.0783,487.9263,502.1612,514.4097,484.3966,190.8553,498.8352,475.986,500.2259,442.1883,427.0769,462.1502,495.0534,459.237,476.28,473.7636,494.7118,443.4691,457.2189,464.1466,505.0953,408.2975,369.1443,519.8577,615.6805,286.9267,457.9311,477.2472,506.7607,419.6361
HCC515,616.2573,482.5147,170.3294,456.1055,386.3998,266.3594,468.8709,489.2498,168.0598,463.7582,481.864,305.7609,378.1348,475.6476,479.0331,495.7216,588.6671,448.7858,405.9362,257.6523,438.8345,478.0007,470.0097,518.0001,477.1356,208.776,479.2738,480.843,496.3982,426.5398,423.4415,488.1323,499.3756,455.119,503.4531,476.0584,509.1068,473.8827,424.1006,497.8586,491.2065,419.9437,368.7043,492.1854,556.8284,308.1436,503.6892,473.0294,522.0943,488.4511
HCC78,560.0001,419.8301,132.3649,438.2824,319.6033,264.9703,489.3532,455.4504,153.1177,479.1945,431.4135,312.7183,377.9859,389.4961,404.0082,415.4645,562.8048,359.0612,350.4027,253.9992,347.9651,435.2914,351.3953,417.7673,406.6843,224.5778,424.0965,434.0391,428.7654,378.5214,402.5005,420.9829,456.1476,411.1642,414.4595,413.8307,421.8534,433.1935,322.4033,414.7206,444.5727,415.8383,294.8657,461.7237,502.3374,272.2987,393.2907,405.1506,462.6636,449.4009
HCC827,600.6999,493.9288,158.1274,452.1967,360.6368,247.4372,466.316,465.1576,142.8717,176.0074,453.9623,324.0103,337.4877,417.635,450.8507,475.3557,539.6628,406.9722,369.3871,255.7318,405.0802,464.3368,433.7285,467.8982,446.9488,194.7034,437.4667,468.2011,456.9513,421.0674,414.6997,457.5479,495.5762,446.1219,440.6802,475.2604,470.8228,353.884,444.6735,429.0187,463.2629,390.6787,311.2622,477.5129,568.0665,289.7615,444.0659,451.5075,512.1554,441.4061
HCC95,272.8454,231.786,142.5796,458.4519,321.7081,240.6312,476.4824,497.5523,251.9596,474.1757,472.3638,340.8159,293.9767,433.9283,449.8417,439.9364,472.7647,414.8052,333.3833,295.8061,363.7608,424.7838,424.6028,466.5922,387.2615,221.1785,463.1341,447.9944,419.2105,377.4829,441.2108,390.377,483.6245,428.2919,490.9397,469.3982,413.5498,298.579,343.6808,448.5235,454.3369,376.5991,361.6212,461.8346,471.0423,264.182,411.4165,387.7858,478.8568,423.3952
Hop62,586.8348,491.5405,172.7163,469.3243,347.1271,299.5336,477.4214,453.589,261.494,555.8378,477.7352,403.7059,340.7966,422.9533,466.3186,452.4806,585.1232,399.0042,354.0438,309.8891,412.1304,448.2581,448.9827,470.92,401.4256,268.9649,438.5009,446.9808,454.5665,414.5124,426.9612,377.887,483.7176,485.1197,460.2337,477.8441,460.0084,439.2191,455.3749,495.1107,481.7598,383.4059,377.0853,494.7806,499.761,288.2935,372.797,438.009,488.7525,433.5347
MNT1,nan,nan,nan,486.0351,nan,nan,485.4456,nan,nan,nan,483.555,nan,nan,nan,nan,nan,nan,nan,nan,nan,nan,nan,nan,nan,nan,nan,nan,nan,nan,nan,443.7087,nan,nan,nan,nan,nan,nan,nan,nan,nan,nan,nan,350.7591,nan,470.3979,251.3533,nan,nan,nan,nan
